Kategorie,Pfad,
Klassen,components/search/result-list-item.tsx,
Klassen,components/search/results-list.tsx,
Klassen,components/external-link.tsx,
Emotion (global),lib/emotion/global.tsx,
Emotion (component-based),components/search/solr.tsx,
Emotion (component-based),components/collapse.tsx,
Emotion (component-based),components/copy-headline-anchor-link.tsx,
Emotion (component-based),components/fetch.tsx,
Emotion (component-based),components/footer.tsx,
Emotion (component-based),components/layout.tsx,
Emotion (component-based),components/loading-indicator.tsx,
Emotion (component-based),components/modal.tsx,
Emotion (component-based),components/page-header.tsx,
Emotion (component-based),components/sidebar-small-screen.tsx,
Emotion (component-based),components/sidebar.tsx,
Emotion (component-based),components/splitter.tsx,
Emotion (component-based),components/table.tsx,
Emotion (component-based),components/title.tsx,
Emotion (component-based),components/top-bar.tsx,
Emotion (component-based),features/entity/components/examples/example.tsx,
Emotion (component-based),features/entity/components/examples/rda-example.tsx,
Emotion (component-based),features/entity/components/examples/string-value-examples.tsx,
Emotion (component-based),features/entity/components/gnd-implementation/index.tsx,
Emotion (component-based),features/entity/components/preview/content.tsx,
Emotion (component-based),features/entity/components/preview/index.tsx,
Emotion (component-based),features/entity/components/preview/link.tsx,
Emotion (component-based),features/entity/components/references/index.tsx,
Emotion (component-based),features/entity/components/statements/table.tsx,
Emotion (component-based),features/entity/components/values/string.tsx,
Emotion (component-based),features/entity/components/wikibase-pointers/wikibase-link.tsx,
Emotion (component-based),features/entity/components/breadcrumb.tsx,
Emotion (component-based),features/entity/components/embedded.tsx,
Emotion (component-based),features/entity/components/page-header.tsx,
Emotion (component-based),features/entity/components/table-of-content.tsx,
Antd Theme-Token,components/namespace-theme-config-provider.tsx,
Antd Theme-Token,hooks/theme-provider.tsx,
CSS,styles/colors.css,
CSS,styles/layout-sizes.css,
CSS,styles/custom.css,
CSS,styles/fonts.css,
Inline,features/entity/components/examples/index.tsx,
Inline,features/entity/components/statements/string-groups.tsx